crawled_at,title,url,content
2025-07-08 14:12:10,"""Tài khoản ngân hàng chính đăng ký thuế nếu có giao dịch sai phạm, tất cả tài khoản liên quan của hộ kinh doanh có thể bị kiểm tra, truy thu""",https://cafef.vn/tai-khoan-ngan-hang-chinh-dang-ky-thue-neu-co-giao-dich-sai-pham-tat-ca-tai-khoan-lien-quan-cua-ho-kinh-doanh-co-the-bi-kiem-tra-truy-thu-188250708135603923.chn,
2025-07-08 14:12:12,"Sao Việt giấu chồng con kín bưng, vừa mới khoe loạt ảnh đã bị chê ""làm lố"": Xem phản ứng mới thấy dạy con rất tinh tế",https://cafef.vn/my-tam-va-sao-viet-tien-biet-dung-rau-nan-nhan-gia-dinh-4-nguoi-mat-trong-vu-chay-chung-cu-o-tphcm-188250708112513754.chn,
2025-07-08 14:12:15,"Vụ người dân nhặt vải từ xe tải gặp nạn: Chủ xe được ủng hộ 40 triệu đồng, bị nhiều người gọi điện mắng",https://cafef.vn/vu-nguoi-dan-nhat-vai-tu-xe-tai-gap-nan-chu-xe-duoc-ung-ho-40-trieu-dong-bi-nhieu-nguoi-goi-dien-mang-188250708135433443.chn,
2025-07-08 14:12:18,"BTC Hoa hậu Việt Nam tiết lộ lý do nhiều Á hậu cuộc thi khác bị loại từ vòng sơ khảo, khẳng định 1 tiêu chí tiên quyết khi chọn thí sinh",https://cafef.vn/btc-hoa-hau-viet-nam-tiet-lo-ly-do-nhieu-a-hau-cuoc-thi-khac-bi-loai-tu-vong-so-khao-khang-dinh-1-tieu-chi-tien-quyet-khi-chon-thi-sinh-188250708133431008.chn,
2025-07-08 14:12:21,"Một tỉnh nghèo, vùng sâu vùng xa của Trung Quốc có GDP vượt xa loạt quốc gia EU, trở thành trung tâm ‘vượt bão’ thương chiến cho nền kinh tế số 2 thế giới",https://cafef.vn/mot-tinh-ngheo-vung-sau-vung-xa-cua-trung-quoc-co-gdp-vuot-xa-loat-quoc-gia-eu-tro-thanh-trung-tam-vuot-bao-thuong-chien-cho-nen-kinh-te-so-2-the-gioi-188250708123206365.chn,
2025-07-08 14:12:24,"Ford Explorer tạm dừng bán tại Việt Nam - Cơ hội đón bản nâng cấp mới về hưởng ưu đãi thuế cạnh tranh Teramont, Palisade",https://cafef.vn/ford-explorer-tam-dung-ban-tai-viet-nam-co-hoi-don-ban-nang-cap-moi-ve-huong-uu-dai-thue-canh-tranh-teramont-palisade-188250708134015141.chn,
2025-07-08 14:12:26,Hà Nội đề xuất bầu bổ sung Ủy viên UBND thành phố với 4 cán bộ,https://cafef.vn/ha-noi-de-xuat-bau-bo-sung-uy-vien-ubnd-thanh-pho-voi-4-can-bo-188250708134809005.chn,
2025-07-08 14:12:30,"200.000 chiếc ô tô điện được bán trong 3 phút, kim loại quý này âm thầm đc hưởng lợi",https://cafef.vn/200000-chiec-o-to-dien-dc-ban-trong-3-phut-kim-loai-quy-nay-am-tham-dc-huong-loi-188250708134609403.chn,
2025-07-08 14:12:33,Chủ tịch Nguyễn Xuân Quang muốn 'sang tay' 2 triệu cổ phiếu NLG cho 2 con trai?,https://cafef.vn/chu-tich-nguyen-xuan-quang-muon-sang-tay-2-trieu-co-phieu-nlg-cho-2-con-trai-188250708123846014.chn,
2025-07-08 15:32:40,Vietnam Airlines chốt ngày chào bán 900 triệu cổ phiếu giá 10.000 đồng,https://cafef.vn/vietnam-airlines-chot-ngay-chao-ban-900-trieu-co-phieu-gia-10000-dong-188250708133433888.chn,
2025-07-08 14:12:38,"Thủ tướng mong muốn một sản phẩm ""make in Vietnam"" sẽ phủ sóng ở đất nước hơn 200 triệu dân",https://cafef.vn/thu-tuong-mong-muon-mot-san-pham-make-in-vietnam-se-phu-song-o-dat-nuoc-hon-200-trieu-dan-188250708115130404.chn,
2025-07-08 14:12:40,Giám đốc Công an Hà Nội tiết lộ tin quan trọng về nơi bỏ trốn của 'trùm' lừa đảo Mr Hunter Lê Khắc Ngọ,https://cafef.vn/giam-doc-cong-an-ha-noi-tiet-lo-tin-quan-trong-ve-noi-bo-tron-cua-trum-lua-dao-mr-hunter-le-khac-ngo-188250708113221994.chn,
2025-07-08 14:12:43,"Triệu phú mù đầu tiên ngồi 'ghé nóng' Shark Tank, trao 100.000 USD cho startup hỗ trợ người khiếm thính",https://cafef.vn/trieu-phu-mu-dau-tien-ngoi-ghe-nong-shark-tank-trao-100000-usd-cho-startup-ho-tro-nguoi-khiem-thinh-188250708112937325.chn,
2025-07-08 13:59:49,"Lộ danh sách loạt hot boy, HLV thể hình nổi tiếng MXH trong vụ ""Hồng Tỷ giả gái lừa gần 1.700 trai trẻ""",https://cafef.vn/lo-danh-sach-loat-hot-boy-hlv-the-hinh-noi-tieng-mxh-trong-vu-hong-ty-gia-gai-lua-gan-1700-trai-tre-188250708132601268.chn,
2025-07-08 13:59:52,"Fanpage Thông tin Chính phủ cảnh báo hội nhóm pickleball lừa đảo, người phụ nữ bị lừa 2,1 tỷ đồng",https://cafef.vn/fanpage-thong-tin-chinh-phu-canh-bao-hoi-nhom-pickleball-lua-dao-nguoi-phu-nu-bi-lua-21-ty-dong-18825070813210979.chn,
2025-07-08 13:59:54,"Olive Young ""đạo nhái"" sản phẩm, bị toà ra phán quyết cuối cùng",https://cafef.vn/olive-young-dao-nhai-san-pham-bi-toa-ra-phan-quyet-cuoi-cung-188250708112717356.chn,
2025-07-08 13:59:57,Vụ nữ cán bộ phường tử vong trong tư thế treo cổ: Không có dấu hiệu bất ổn về tâm lý khi tới cơ quan,https://cafef.vn/vu-nu-can-bo-phuong-tu-vong-trong-tu-the-treo-co-khong-co-dau-hieu-bat-on-ve-tam-ly-khi-toi-co-quan-188250708120531703.chn,
2025-07-08 14:00:00,Quán thịt rán tuyển bồi bàn ‘phải có bằng đại học trở lên’ gây tranh cãi,https://cafef.vn/quan-thit-ran-tuyen-boi-ban-phai-co-bang-dai-hoc-tro-len-gay-tranh-cai-188250708113427059.chn,
2025-07-08 14:00:02,"Mỗi ngày hai cốc nước đậu đen gừng, điều gì sẽ xảy ra với cơ thể sau một tuần?",https://cafef.vn/moi-ngay-hai-coc-nuoc-dau-den-gung-dieu-gi-se-xay-ra-voi-co-the-sau-mot-tuan-188250708113613466.chn,
2025-07-08 14:00:05,"Loạt dự án giao thông Hà Nội bất động: Đường kẹt, máy móc ‘ngủ đông’, dân bức xúc",https://cafef.vn/loat-du-an-giao-thong-ha-noi-bat-dong-duong-ket-may-moc-ngu-dong-dan-buc-xuc-188250708105942211.chn,
2025-07-08 15:32:14,Công ty chứng khoán đầu tiên công bố BCTC quý 2/2025: Dư nợ margin tăng vọt lên cao kỷ lục,https://cafef.vn/cong-ty-chung-khoan-dau-tien-cong-bo-bctc-quy-2-2025-du-no-margin-tang-vot-len-cao-ky-luc-188250707232406431.chn,
2025-07-08 15:32:17,,https://cafef.vn/giai-ma-cong-ty-chung-khoan-co-tinh-cach-mang-nhat-viet-nam-188250706165112639.chn,
2025-07-08 15:33:24,Toàn bộ dàn lãnh đạo thượng tầng một doanh nghiệp bất ngờ xin nghỉ cùng lúc,https://cafef.vn/toan-bo-dan-lanh-dao-thuong-tang-mot-doanh-nghiep-bat-ngo-xin-nghi-cung-luc-188250707134633995.chn,
2025-07-08 15:32:22,"Lịch chốt quyền cổ tức 7/7-11/7: Cổ tức tiền mặt cao nhất 35%, một doanh nghiệp lớn dự chi 2.500 tỷ thanh toán cổ tức",https://cafef.vn/lich-chot-quyen-co-tuc-7-7-11-7-co-tuc-tien-mat-cao-nhat-35-mot-doanh-nghiep-lon-du-chi-2500-ty-thanh-toan-co-tuc-188250705222757415.chn,
2025-07-08 15:32:24,Chuyện gì đây: Một cổ phiếu giao dịch hơn 2.000 tỷ đồng chỉ trong phiên sáng,https://cafef.vn/chuyen-gi-day-mot-co-phieu-giao-dich-hon-2000-ty-dong-chi-trong-phien-sang-188250707114230286.chn,
2025-07-08 15:32:27,TPBank chính thức lên tiếng về vụ án ông Đỗ Anh Tú,https://cafef.vn/tpbank-chinh-thuc-len-tieng-ve-vu-an-ong-do-anh-tu-188250707235042896.chn,
2025-07-08 15:32:30,"Góc nhìn chuyên gia: Cần tính tới khả năng điều chỉnh của VN-Index, ""gom"" một số nhóm ngành dự báo KQKD quý 2 tăng mạnh",https://cafef.vn/goc-nhin-chuyen-gia-can-tinh-toi-kha-nang-dieu-chinh-cua-vn-index-gom-mot-so-nhom-nganh-du-bao-kqkd-quy-2-tang-manh-188250706125121422.chn,
2025-07-08 15:32:32,"Khối ngoại tung gần 1.300 tỷ ""gom"" cổ phiếu Việt Nam trong ngày VN-Index vượt 1.400 điểm",https://cafef.vn/khoi-ngoai-tung-gan-1300-ty-gom-co-phieu-viet-nam-trong-ngay-vn-index-vuot-1400-diem-188250707153742596.chn,
2025-07-08 15:32:35,"Pyn Elite Fund “ôm” 74 triệu cổ phiếu VIX, “mừng thầm” khi giá tăng vọt lên đỉnh 15 tháng",https://cafef.vn/pyn-elite-fund-om-74-trieu-co-phieu-vix-mung-tham-khi-gia-tang-vot-len-dinh-15-thang-188250705215803574.chn,
2025-07-08 15:32:43,"Cổ phiếu Hòa Phát lên đỉnh 3 năm, tài sản của tỷ phú Trần Đình Long tăng vọt",https://cafef.vn/co-phieu-hoa-phat-len-dinh-3-nam-tai-san-cua-ty-phu-tran-dinh-long-tang-vot-188250708114313913.chn,
2025-07-08 15:32:45,"Chủ tịch HĐQT Chứng khoán Mirae Asset: ""Thị trường chứng khoán là tấm gương phản chiếu sự chuyển mình của nền kinh tế""",https://cafef.vn/chu-tich-hdqt-chung-khoan-mirae-asset-thi-truong-chung-khoan-la-tam-guong-phan-chieu-su-chuyen-minh-cua-nen-kinh-te-188250708105340723.chn,
2025-07-08 15:32:48,Bảo hiểm PJICO làm ăn ra sao dưới thời 2 CEO vừa bị khởi tố?,https://cafef.vn/bao-hiem-pjico-lam-an-ra-sao-duoi-thoi-2-ceo-vua-bi-khoi-to-188250708100717327.chn,
2025-07-08 15:32:50,FPTS tiếp tục đăng ký bán hơn 500.000 cổ phiếu MSH,https://cafef.vn/fpts-tiep-tuc-dang-ky-ban-hon-500000-co-phieu-msh-188250708101526665.chn,
2025-07-08 15:32:53,Doanh nghiệp nghìn tỷ bị nhắc nhở vì “tranh thủ” bán cổ phiếu quỹ khi giá tăng mạnh,https://cafef.vn/doanh-nghiep-nghin-ty-bi-nhac-nho-vi-tranh-thu-ban-co-phieu-quy-khi-gia-tang-manh-18825070809555446.chn,
2025-07-08 15:32:55,Lịch sự kiện và tin vắn chứng khoán ngày 8/7/2025,https://cafef.vn/lich-su-kien-va-tin-van-chung-khoan-ngay-8-7-2025-188250707223125845.chn,
2025-07-08 15:32:58,Điều gì khiến VN-Index bùng nổ vượt 1.400 điểm cùng thanh khoản tỷ USD?,https://cafef.vn/dieu-gi-khien-vn-index-bung-no-vuot-1400-diem-cung-thanh-khoan-ty-usd-188250707225108168.chn,
2025-07-08 15:32:19,Cục diện môi giới ngành chứng khoán: Hơn 60 công ty chia nhau “miếng bánh” vỏn vẹn 30% thị phần,https://cafef.vn/cuc-dien-moi-gioi-nganh-chung-khoan-hon-60-cong-ty-chia-nhau-mieng-banh-von-ven-30-thi-phan-188250707231708759.chn,
2025-07-08 15:33:00,"Một cổ phiếu Bluechips được tự doanh CTCK ""gom"" hơn trăm tỷ trong phiên 7/7",https://cafef.vn/mot-co-phieu-bluechips-duoc-tu-doanh-ctck-gom-hon-tram-ty-trong-phien-7-7-188250707211917099.chn,
2025-07-08 15:33:03,"Vợ của Mr Hunter bị bắt tại Thái Lan, khi chuẩn bị trốn sang Thổ Nhĩ Kỳ",https://cafef.vn/vo-cua-mr-hunter-bi-bat-tai-thai-lan-khi-chuan-bi-tron-sang-tho-nhi-ky-188250707202007765.chn,
2025-07-08 15:33:05,"Cổ phiếu SHB giao dịch kỷ lục, tăng trần: Ngân hàng hạnh phúc… với cổ đông",https://cafef.vn/co-phieu-shb-giao-dich-ky-luc-tang-tran-ngan-hang-hanh-phuc-voi-co-dong-188250707205031632.chn,
2025-07-08 15:33:08,Nguyên Tổng Giám đốc Petrolimex Đào Nam Hải bị khởi tố,https://cafef.vn/nguyen-tong-giam-doc-petrolimex-dao-nam-hai-bi-khoi-to-188250707190353459.chn,
2025-07-08 15:33:11,Tạp chí Nhà đầu tư tổ chức Hội thảo ‘Nâng cao nhận thức nhà đầu tư hướng tới nâng hạng thị trường chứng khoán’,https://cafef.vn/tap-chi-nha-dau-tu-to-chuc-hoi-thao-nang-cao-nhan-thuc-nha-dau-tu-huong-toi-nang-hang-thi-truong-chung-khoan-188250707163332966.chn,
2025-07-08 15:33:13,"Chứng khoán Việt Nam lần đầu tiên vượt mốc 1.400 điểm sau 3 năm, vốn hóa HoSE đạt 6 triệu tỷ đồng",https://cafef.vn/chung-khoan-viet-nam-lan-dau-tien-vuot-moc-1400-diem-sau-3-nam-von-hoa-hose-dat-6-trieu-ty-dong-188250707163001016.chn,
2025-07-08 15:33:16,"Tiền ồ ạt vào chứng khoán, VN-Index vượt 1.400 điểm sau 3 năm",https://cafef.vn/tien-o-at-vao-chung-khoan-vn-index-vuot-1400-diem-sau-3-nam-188250707153916853.chn,
2025-07-08 15:33:18,Hơn 6% cổ phần một ngân hàng vừa “đổi chủ”,https://cafef.vn/hon-6-co-phan-mot-ngan-hang-vua-doi-chu-188250707155317887.chn,
2025-07-08 15:33:21,Cổ đông TCBS chốt kế hoạch IPO hơn 231 triệu cổ phiếu,https://cafef.vn/co-dong-tcbs-chot-ke-hoach-ipo-hon-231-trieu-co-phieu-188250707142308888.chn,
2025-07-08 14:13:55,Lộc Trời lùi ngày tổ chức ĐHĐCĐ thường niên 2025,https://cafef.vn/loc-troi-lui-ngay-to-chuc-dhdcd-thuong-nien-2025-188250707123431169.chn,
2025-07-08 15:33:27,,https://cafef.vn/masan-va-hanh-trinh-kien-tao-gia-tri-khi-chien-luoc-von-va-ma-tro-thanh-don-bay-tang-truong-188250702161432758.chn,
2025-07-08 15:33:30,"Cuộc đua vốn hóa 25 năm: Một công ty thủy điện từng giữ ngôi vua trước khi những 'gã khổng lồ' FPT, Vinamilk, Vietcombank 'tràn' lên sàn",https://cafef.vn/cuoc-dua-von-hoa-25-nam-mot-cong-ty-thuy-dien-tung-giu-ngoi-vua-truoc-khi-nhung-ga-khong-lo-fpt-vinamilk-vietcombank-tran-len-san-188250702070405395.chn,
2025-07-08 15:33:33,"4 năm đưa thị trường chứng khoán Việt Nam từ số 0 đến phiên giao dịch đầu tiên: Không hàng hóa, không công nghệ và lời giải bất ngờ từ ‘túi rác’",https://cafef.vn/4-nam-dua-thi-truong-chung-khoan-viet-nam-tu-so-0-den-phien-giao-dich-dau-tien-khong-hang-hoa-khong-cong-nghe-va-loi-giai-bat-ngo-tu-tui-rac-188250628112753882.chn,
2025-07-08 15:33:35,,https://cafef.vn/mot-thoi-cua-doanh-nghiep-dau-tien-niem-yet-tu-nha-may-tro-xuong-ban-co-phan-khong-ai-ngo-den-thu-1700-ty-thang-du-ngay-truoc-dinh-khung-hoang-18825062608533704.chn,
2025-07-08 15:33:38,,https://cafef.vn/nguoi-tu-choi-co-hoi-tro-thanh-thong-doc-ngan-hang-de-theo-duoi-giac-mo-xay-dung-ttck-viet-nam-188250621142124054.chn,
2025-07-08 15:33:41,Bước ngoặt lịch sử của TTCK Việt Nam sau 25 năm phát triển,https://cafef.vn/buoc-ngoat-lich-su-cua-ttck-viet-nam-sau-25-nam-phat-trien-188250622222213388.chn,
2025-07-08 15:33:46,,https://cafef.vn/ts-tran-dinh-thien-nghi-quyet-68-xoa-so-xin-cho-dnnvv-viet-nam-lot-xac-du-bi-troi-trong-tu-duy-nho-yeu-tu-ti-suot-40-nam-188250707171823281.chn,
2025-07-08 15:33:49,,https://cafef.vn/chu-tich-f88-ke-chuyen-la-chi-mong-khach-hang-khong-quay-lai-de-vay-tien-188250707160858142.chn,
2025-07-08 15:33:52,"Tuần sau, một ngân hàng chốt quyền trả cổ tức bằng tiền mặt",https://cafef.vn/tuan-sau-mot-ngan-hang-chot-quyen-tra-co-tuc-bang-tien-mat-188250607201827866.chn,
2025-07-08 15:33:54,"Khối ngoại mở đầu tháng 6 với tuần bán ròng đột biến gần 2.000 tỷ đồng, đâu là tâm điểm?",https://cafef.vn/khoi-ngoai-mo-dau-thang-6-voi-tuan-ban-rong-dot-bien-gan-2000-ty-dong-dau-la-tam-diem-188250607001446402.chn,
2025-07-08 15:33:57,Bầu Đức: Nhắc đến Hoàng Anh Gia Lai là cứ nhắc đến nợ,https://cafef.vn/bau-duc-nhac-den-hoang-anh-gia-lai-la-cu-nhac-den-no-188250606212549889.chn,
2025-07-08 15:33:59,Ông Trịnh Văn Quyết cùng hai em gái đã khắc phục toàn bộ thiệt hại gần 2.500 tỷ đồng,https://cafef.vn/ong-trinh-van-quyet-cung-hai-em-gai-da-khac-phuc-toan-bo-thiet-hai-gan-2500-ty-dong-188250607134343889.chn,
2025-07-08 15:34:02,Top 10 ngân hàng có vốn điều lệ và tổng tài sản lớn nhất,https://cafef.vn/top-10-ngan-hang-co-von-dieu-le-va-tong-tai-san-lon-nhat-188250607140323832.chn,
2025-07-08 15:34:04,Mở hàng chục tài khoản ngân hàng để cho tội phạm rửa tiền thuê,https://cafef.vn/mo-hang-chuc-tai-khoan-ngan-hang-de-cho-toi-pham-rua-tien-thue-188250607181330643.chn,
2025-07-08 15:34:07,"Công ty con của Novaland chậm thanh toán hơn 2.172 tỷ đồng gốc, lãi trái phiếu",https://cafef.vn/cong-ty-con-cua-novaland-cham-thanh-toan-hon-2172-ty-dong-goc-lai-trai-phieu-188250607090514981.chn,
2025-07-08 15:34:09,,https://cafef.vn/bat-dau-tu-mot-thay-doi-nho-so-hoa-thanh-toan-tang-nang-luc-canh-tranh-cho-sme-188250701161604146.chn,
2025-07-08 14:14:48,Chuyển giao bắt buộc tác động ra sao tới trật tự xếp hạng trong hệ thống ngân hàng Việt Nam?,https://cafef.vn/chuyen-giao-bat-buoc-tac-dong-ra-sao-toi-trat-tu-xep-hang-trong-he-thong-ngan-hang-viet-nam-188250707165952097.chn,
2025-07-08 14:02:05,Công ty của ông Vũ Đình Chiến bất ngờ chi ra 2.400 tỷ nắm 23% vốn chủ đầu tư dự án Cát Bà Amatina trước thềm Vinaconex thoái vốn,https://cafef.vn/cong-ty-cua-ong-vu-dinh-chien-bat-ngo-chi-ra-2400-ty-nam-23-von-chu-dau-tu-du-an-cat-ba-amatina-truoc-them-vinaconex-thoai-von-188250708111304805.chn,
2025-07-08 14:14:50,Ngân hàng trả lãi suất tiết kiệm gần 10% để huy động khách hàng gửi tối thiểu... 1.500 tỷ đồng,https://cafef.vn/ngan-hang-tra-lai-suat-tiet-kiem-gan-10-de-huy-dong-khach-hang-gui-toi-thieu-1500-ty-dong-188250707162020362.chn,
2025-07-08 15:34:21,Bộ Xây dựng phản hồi về đề xuất xây dựng sân bay quốc tế tại Ninh Bình của Xuân Trường,https://cafef.vn/bo-xay-dung-phan-hoi-ve-de-xuat-xay-dung-san-bay-quoc-te-tai-ninh-binh-cua-xuan-truong-188250708085709143.chn,
2025-07-08 14:11:52,Diễn biến mới tại tuyến Metro số 2 hơn 47.000 tỷ đồng,https://cafef.vn/dien-bien-moi-tai-tuyen-metro-so-2-hon-47000-ty-dong-188250708140829373.chn,
2025-07-08 15:34:17,"Sau khi sáp nhập, Ninh Bình có thêm 1 'mũi nhọn vàng' trị giá 11.000 tỷ của đại gia Xuân Trường: Vùng sình lầy hóa ‘Vịnh Hạ Long trên cạn’",https://cafef.vn/sau-khi-sap-nhap-ninh-binh-co-them-1-mui-nhon-vang-tri-gia-11000-ty-cua-dai-gia-xuan-truong-vung-sinh-lay-hoa-vinh-ha-long-tren-can-188250708140810877.chn,
2025-07-08 15:34:14,"Chuẩn bị sáp nhập Sunshine Homes, Sunshine Group sắp thành công ty địa ốc tỷ đô với vốn hóa 59.000 tỷ đồng",https://cafef.vn/chuan-bi-sap-nhap-sunshine-homes-sunshine-group-sap-thanh-cong-ty-dia-oc-ty-do-voi-von-hoa-59000-ty-dong-188250708111304805.chn,
2025-07-08 14:12:00,"3 cây ăn quả trấn trạch chiêu tài, con cháu ""đạp gió đông"" phất lên nhanh chóng",https://cafef.vn/3-cay-an-qua-tran-trach-chieu-tai-con-chau-dap-gio-dong-phat-len-nhanh-chong-188250708130637956.chn,
2025-07-08 14:12:02,Vụ Tập đoàn Sơn Hải trượt thầu: Bộ Tài chính có báo cáo mới,https://cafef.vn/vu-tap-doan-son-hai-truot-thau-bo-tai-chinh-co-bao-cao-moi-18825070813272155.chn,
2025-07-08 14:12:05,"Không chỉ sở hữu những con đập lớn nhất thế giới như Tam Hiệp, Trung Quốc còn đạt được năng lực công nghệ khó quốc gia nào bì kịp trong lĩnh vực thủy điện",https://cafef.vn/khong-chi-so-huu-nhung-con-dap-lon-nhat-the-gioi-nhu-tam-hiep-trung-quoc-con-dat-duoc-nang-luc-cong-nghe-kho-quoc-gia-nao-bi-kip-trong-linh-vuc-thuy-dien-18825070813593065.chn,
2025-07-08 14:12:07,Cụ bà 73 tuổi và 80 lần sát phạt tại sòng bạc triệu đô ở khách sạn Pullman,https://cafef.vn/cu-ba-73-tuoi-va-80-lan-sat-phat-tai-song-bac-trieu-do-o-khach-san-pullman-18825070813584247.chn,
2025-07-08 14:14:55,Baf Việt Nam ‘rót’ 150 tỷ đồng thành lập công ty con tại Ninh Bình,https://cafef.vn/baf-viet-nam-rot-150-ty-dong-thanh-lap-cong-ty-con-tai-ninh-binh-188250708123616279.chn,
2025-07-08 15:31:22,"Ông lớn bất động sản từ Malaysia đề xuất làm tuyến metro 3,4 tỷ USD nối TP.HCM với sân bay lớn nhất Việt Nam",https://cafef.vn/ong-lon-bat-dong-san-tu-malaysia-de-xuat-lam-tuyen-metro-34-ty-usd-noi-tphcm-voi-san-bay-lon-nhat-viet-nam-188250708143853029.chn,
2025-07-08 15:31:24,"Cục An ninh mạng và Phòng, chống tội phạm sử dụng công nghệ cao vừa phát đi cảnh báo mới",https://cafef.vn/cuc-an-ninh-mang-va-phong-chong-toi-pham-su-dung-cong-nghe-cao-vua-phat-di-canh-bao-moi-188250708152759396.chn,
2025-07-08 15:31:27,"VinFast ""bắt tay"" với công ty sạc điện hàng đầu Ấn Độ, muốn thiết lập 120 xưởng dịch vụ trước đợt giao xe đầu tiên",https://cafef.vn/vinfast-bat-tay-voi-cong-ty-sac-dien-hang-dau-an-do-muon-thiet-lap-120-xuong-dich-vu-truoc-dot-giao-xe-dau-tien-18825070815190985.chn,
2025-07-08 15:31:29,USD chao đảo trong nửa đầu năm 2025: Dấu hiệu đồng bạc xanh dần mất 'ngôi vương'?,https://cafef.vn/usd-chao-dao-trong-nua-dau-nam-2025-dau-hieu-dong-bac-xanh-dan-mat-ngoi-vuong-188250708142453792.chn,
2025-07-08 15:31:32,"Chiêu marketing ‘miễn phí’ cực phổ biến ở Việt Nam giúp chuỗi nhà hàng Mỹ thu về 1,3 tỷ USD/quý dù khách hàng khó chịu vì chờ lâu",https://cafef.vn/chieu-marketing-mien-phi-cuc-pho-bien-o-viet-nam-giup-chuoi-nha-hang-my-thu-ve-13-ty-usd-quy-du-khach-hang-kho-chiu-vi-cho-lau-188250708140150949.chn,
2025-07-08 15:31:34,"Cô gái bị bắt cóc lúc 3 tuổi, 17 năm sau phát hiện sự thật gây sốc về hàng xóm: Quá đau lòng!",https://cafef.vn/co-gai-bi-bat-coc-luc-3-tuoi-17-nam-sau-phat-hien-su-that-gay-soc-ve-hang-xom-qua-dau-long-188250708134451574.chn,
2025-07-08 15:31:38,"Cá ""nhuộm phẩm"" ở Đà Nẵng là do được rửa bằng nước ngọt có màu?",https://cafef.vn/ca-nhuom-pham-o-da-nang-la-do-duoc-rua-bang-nuoc-ngot-co-mau-188250708143018478.chn,
2025-07-08 15:31:40,"Bị sa thải vì AI, sếp Microsoft lại khuyên nhân viên bị sa thải tâm sự với AI để giảm stress",https://cafef.vn/bi-sa-thai-vi-ai-sep-microsoft-lai-khuyen-nhan-vien-bi-sa-thai-tam-su-voi-ai-de-giam-stress-188250708135951795.chn,
2025-07-08 15:31:43,"Ngắm tuyến đường như dải lụa xuyên rừng nối các tỉnh, thành miền Đông Nam bộ",https://cafef.vn/ngam-tuyen-duong-nhu-dai-lua-xuyen-rung-noi-cac-tinh-thanh-mien-dong-nam-bo-188250708150500857.chn,
2025-07-08 15:31:46,"Bà xã của 1 Shark nổi tiếng cho các quý tử hoá thân thành ""nông dân nhí"", tận hưởng mùa hè đầy thú vị bên trời Âu",https://cafef.vn/ba-xa-cua-1-shark-noi-tieng-cho-cac-quy-tu-hoa-than-thanh-nong-dan-nhi-tan-huong-mua-he-day-thu-vi-ben-troi-au-188250708142357709.chn,
2025-07-08 15:31:48,Saigon Co.op lên tiếng về việc bị C10 Bộ Công an cấm tham gia đấu thầu trong vòng 3 năm,https://cafef.vn/saigon-coop-len-tieng-ve-viec-bi-c10-bo-cong-an-cam-tham-gia-dau-thau-trong-vong-3-nam-188250708151147573.chn,
2025-07-08 15:31:51,Dự án 114 triệu USD trên sông Mekong: Kết nối vốn vay Trung Quốc và giấc mơ phát triển của Campuchia,https://cafef.vn/du-an-114-trieu-usd-tren-song-mekong-ket-noi-von-vay-trung-quoc-va-giac-mo-phat-trien-cua-campuchia-188250708133354812.chn,
2025-07-08 15:31:53,"Tập đoàn 1 triệu tỷ duy nhất của Việt Nam đem về 310.000 tỷ đồng doanh thu sau 6 tháng, khai thác sớm 'kho báu' 2,5 tỷ USD",https://cafef.vn/tap-doan-1-trieu-ty-duy-nhat-cua-viet-nam-dem-ve-310000-ty-dong-doanh-thu-sau-6-thang-khai-thac-som-kho-bau-25-ty-usd-188250708150849928.chn,
2025-07-08 15:31:56,"Từ chối Nhật, Pháp, chốt tàu cao tốc Trung Quốc nhưng công nghệ lõi của Đức, dự án độc nhất 1 tỷ USD lập kỷ lục thế giới",https://cafef.vn/tu-choi-nhat-phap-chot-tau-cao-toc-trung-quoc-nhung-cong-nghe-loi-cua-duc-du-an-doc-nhat-1-ty-usd-lap-ky-luc-the-gioi-188250708150817356.chn,
2025-07-08 15:31:59,"Choáng váng với loại mận lạ mắt từ Trung Quốc giá ""trên trời"" 450.000đ/kg, khách vẫn tranh nhau ""chốt đơn""",https://cafef.vn/choang-vang-voi-loai-man-la-mat-tu-trung-quoc-gia-tren-troi-450000d-kg-khach-van-tranh-nhau-chot-don-188250708130852724.chn,
2025-07-08 15:32:01,Phương Oanh đính chính,https://cafef.vn/phuong-oanh-dinh-chinh-188250708144229439.chn,
2025-07-08 15:32:04,"Người phụ nữ Hà Nội nạp vào tài khoản 153 triệu đồng nhưng chỉ rút được 2,5 triệu, nạp tiếp 300 triệu thì sập hệ thống",https://cafef.vn/nguoi-phu-nu-ha-noi-nap-vao-tai-khoan-153-trieu-dong-nhung-chi-rut-duoc-25-trieu-nap-tiep-300-trieu-thi-sap-he-thong-188250708150302311.chn,
2025-07-08 15:32:06,"Triển vọng xanh của 3 tỉnh lớn nhất Việt Nam sau sáp nhập: Một tỉnh có cả ""thủ phủ"" hoa quả và điện sạch",https://cafef.vn/trien-vong-xanh-cua-3-tinh-lon-nhat-viet-nam-sau-sap-nhap-mot-tinh-co-ca-thu-phu-hoa-qua-va-dien-sach-188250708141243674.chn,
2025-07-08 15:32:09,"Công an Hà Nội: Từ chối thanh toán bằng chuyển khoản, chỉ nhận tiền mặt là hành vi vi phạm pháp luật có thể bị xử phạt hành chính hoặc truy cứu trách nhiệm hình sự",https://cafef.vn/cong-an-ha-noi-tu-choi-thanh-toan-bang-chuyen-khoan-chi-nhan-tien-mat-la-hanh-vi-vi-pham-phap-luat-co-the-bi-xu-phat-hanh-chinh-hoac-truy-cuu-trach-nhiem-hinh-su-188250708145616451.chn,
2025-07-08 15:32:11,"Chuyển khoản 153 triệu đầu tư vàng, rút được 2,5 triệu tiền lãi: Người phụ nữ không do dự chuyển thêm 300 triệu, sau đó phải báo công an",https://cafef.vn/chuyen-khoan-153-trieu-dau-tu-vang-rut-duoc-25-trieu-tien-lai-nguoi-phu-nu-khong-do-du-chuyen-them-300-trieu-sau-do-phai-bao-cong-an-18825070814452944.chn,
2025-07-08 15:32:38,"Trái phiếu doanh nghiệp phục hồi, phát hành mới tăng mạnh trong tháng 6",https://cafef.vn/trai-phieu-doanh-nghiep-phuc-hoi-phat-hanh-moi-tang-manh-trong-thang-6-188250708145049562.chn,
2025-07-08 15:33:43,"Nhiều xe ô tô trượt đăng kiểm, bị ‘quay đầu’ do dính phạt nguội",https://cafef.vn/nhieu-xe-o-to-truot-dang-kiem-bi-quay-dau-do-dinh-phat-nguoi-188250708141112566.chn,
2025-07-08 15:34:12,"Một lượng tiền rất lớn được đưa ra thị trường, NHNN bước vào lộ trình bỏ room tín dụng",https://cafef.vn/mot-luong-tien-rat-lon-duoc-dua-ra-thi-truong-nhnn-buoc-vao-lo-trinh-bo-room-tin-dung-188250708124539303.chn,
